,LABEL,col,FORMAT,count,num_uniq
0,"  ""ENROLLED MEMBER IN RECOGNIZED TRIBE""",AA5C,YESNO.,824,5
1,"  ""GENERAL HEALTH CONDITION""",AB1,AB1X.,21153,5
2,"  ""MEDICAL PROVIDERS DEVELOP DIABETES CARE PLAN""",AB112,YESNO.,2637,2
3,"  ""CONFIDENCE TO CONTROL AND MANAGE DIABETES (PUF 1 YR RECODE)""",AB114_P1,AB114PX.,2638,4
4,"  ""MEDICAL PROVIDERS DEVELOPED HEART DISEASE PLAN""",AB118,YESNO.,2251,2
5,"  ""DOCTOR EVER TOLD HAVE ASTHMA""",AB17,YESNO.,21153,2
6,"  ""DOCTOR EVER TOLD HAVE DIABETES""",AB22,AB22X.,21153,3
7,"  ""AGE FIRST TOLD HAVE DIABETES (PUF 1 YR RECODE)""",AB23_P1,AB23P1X.,2637,8
8,"  ""CURRENTLY TAKING INSULIN""",AB24,YESNO.,2637,2
9,"  ""CURRENTLY TAKING DIABETIC PILLS TO LOWER BLOOD SUGAR""",AB25,YESNO.,2637,2
10,"  ""# OF TIMES DOC CHECKED FEET FOR SORES LAST YR (PUF 1 YR RECODE)""",AB28_P1,AB28PX.,2637,6
11,"  ""DOCTOR EVER TOLD HAVE HIGH BLOOD PRESSURE""",AB29,AB29X.,21153,3
12,"  ""CURRENTLY TAKING MEDICATIONS TO CONTROL HIGH BLOOD PRESSURE""",AB30,YESNO.,7955,2
13,"  ""DOCTOR EVER TOLD HAVE ANY KIND OF HEART DISEASE""",AB34,YESNO.,21153,2
14,"  ""STILL HAS ASTHMA""",AB40,YESNO.,3526,2
15,"  ""ASTHMA EPISODE/ATTACK IN PAST 12 MOS""",AB41,YESNO.,3526,2
16,"  ""WORKDAYS MISSED DUE TO ASTHMA IN PAST 12 MOS (PUF 1 YR RECODE)""",AB42_P1,AB42PX.,2696,4
17,"  ""HEALTH PROFESSIONAL EVER GAVE ASTHMA MANAGEMENT PLAN""",AB43,YESNO.,3526,2
18,"  ""TYPE 1 OR TYPE 2 DIABETES (PUF 1 YR RECODE)""",AB51_P1,AB51PX.,2567,2
19,"  ""EVER TOLD HAVE HEART FAILURE/CONGESTIVE HEART FAILURE""",AB52,YESNO.,2251,2
20,"  ""LAST EYE EXAM DILATED PUPILS""",AB63,AB63X.,2637,5
21,"  ""DOCTOR TOLD HAD DIABETES ONLY DURING PREGNANCY""",AB81,AB81X.,11836,3
22,"  ""HAVE WRITTEN COPY OF ASTHMA CARE PLAN""",AB98,YESNO.,2135,2
23,"  ""DOC EVER TOLD HAVE PRE- OR BORDERLINE DIABETES""",AB99,YESNO.,20922,2
24,"  ""FREQUENCY OF EXERCISE IN PAST 7 DAYS""",AC100,NUMF.,20969,8
25,"  ""USE NICOTINE GUM, LOZENGES, OR INHALER TO HELP QUIT SMOKING IN PAST 12 MOS""",AC104B,YESNO.,2273,2
26,"  ""# OF TIMES DRANK SODA LAST MONTH""",AC11,AC11X.,21153,53
27,"  ""EVER TRIED MARIJUANA OR HASHISH""",AC115,YESNO.,21153,2
28,"  ""HOW LONG SINCE LAST MARIJUANA/HASHISH USE (PUF 1 YR RECODE)""",AC116_P1,AC116_P1F.,11340,6
29,"  ""HOW OFTEN FIND FRESH FRUIT/VEG IN NEIGHB""",AC42,AC42H.,21153,7
30,"  ""HOW OFTEN FIND FRESH FRUIT/VEG IN NEIGHB (PUF RECODE)""",AC42_P,AC42PF.,21153,5
31,"  ""NEIGHBORHOOD FRUIT/VEG AFFORDABLE""",AC44,AC42X.,20082,4
32,"  ""# OF TIMES DRANK SWEET FRUIT DRINKS PAST MO""",AC46,NUMF.,21153,50
33,"  ""# OF TIMES DRANK WATER YESTERDAY""",AC47,TC53X.,21153,22
34,"  ""STOP SMOKING ONE DAY OR LONGER TO QUIT PAST YR""",AC49,YESNO.,2273,2
35,"  ""THINK ABOUT QUIT SMOKING IN NEXT 6 MOS""",AC50,YESNO.,2273,2
36,"  ""CALL QUITTING HELPLINE TO HELP QUIT SMOKING IN PAST 12 MOS""",AC75C,YESNO.,2273,2
37,"  ""HEALTH PRO ADVISE QUIT SMOKE PAST 12 MOS""",AC77,YESNO.,2273,2
38,"  ""HEALTH PRO REFER SMOKE CESS PGM PAST 12""",AC78,YESNO.,2273,2
39,"  ""EVER SMOKED ELECTRONIC CIGARETTES""",AC81C,YESNO.,21153,2
40,"  ""DAYS USED E-CIGS PAST 30 DAYS (PUF 1 YEAR RECODE)""",AC82C_P1,AC82C_P1F.,2539,5
41,"  ""BEST DESCRIBES REASON FOR USING E-CIGS - QUIT SMOKING""",AC83C_1,YESNO.,791,2
42,"  ""BEST DESCRIBES REASON FOR USING E-CIGS - HEALTHIER THAN CIGARETTES""",AC83C_10,YESNO.,791,2
43,"  ""BEST DESCRIBES REASON FOR USING E-CIGS - SOCIAL REASONS/ENJOYMENT""",AC83C_11,YESNO.,791,2
44,"  ""BEST DESCRIBES REASON FOR USING E-CIGS - STRESS, ANXIETY, PAIN RELIEF""",AC83C_12,YESNO.,791,2
45,"  ""BEST DESCRIBES REASON FOR USING E-CIGS - REPLACE SMOKING""",AC83C_2,YESNO.,791,2
46,"  ""BEST DESCRIBES REASON FOR USING E-CIGS - CUT DOWN OR REDUCE SMOKING""",AC83C_3,YESNO.,791,2
47,"  ""BEST DESCRIBES REASON FOR USING E-CIGS - USED WHERE SMOKING NOT ALLOWED""",AC83C_4,YESNO.,791,2
48,"  ""BEST DESCRIBES REASON FOR USING E-CIGS - CURIOSITY""",AC83C_5,YESNO.,791,2
49,"  ""BEST DESCRIBES REASON FOR USING E-CIGS - NO LINGERING ODOR""",AC83C_6,YESNO.,791,2
50,"  ""BEST DESCRIBES REASON FOR USING E-CIGS - HELPS CONCENTRATE""",AC83C_7,YESNO.,791,2
51,"  ""BEST DESCRIBES REASON FOR USING E-CIGS - MANY FLAVORS""",AC83C_8,YESNO.,791,2
52,"  ""BEST DESCRIBES REASON FOR USING E-CIGS - LESS EXPENSIVE""",AC83C_9,YESNO.,791,2
53,"  ""AMOUNT SPENT ON CHILD CARE PER WEEK (PUF 1 YR RECODE)""",ACHLDC_P1,AHCHLDCPF.,785,5
54,"  ""# OF DOCTOR VISITS PAST YEAR""",ACMDNUM,ACMDNUM.,21153,11
55,"  ""CURRENTLY PREGNANT""",AD13,YESNO.,3068,3
56,"  ""# OF CIGARETTES PER DAY (PUF 1 YR RECODE)""",AD32_P1,AD32PX.,1559,5
57,"  ""WALKED AT LEAST 10 MIN FOR TRANSPORT PAST 7 DAYS""",AD37W,AD37X.,21153,3
58,"  ""# TIMES WALKED AT LEAST 10 MIN FOR TRANSPORT PAST 7 DAYS""",AD38W,NUMF.,10735,42
59,"  ""AVERAGE LENGTH OF TIME WALKED FOR TRANSPORT""",AD39W,NUMF.,10661,74
60,"  ""WALKED AT LEAST 10 MIN FOR LEISURE PAST 7 DAYS""",AD40W,YESNO.,20969,2
61,"  ""# TIMES WALKED AT LEAST 10 MIN FOR LEISURE PAST 7 DAYS""",AD41W,NUMF.,13587,44
62,"  ""AVERAGE LENGTH OF TIME WALKED FOR LEISURE""",AD42W,NUMF.,13550,88
63,"  ""BLIND/DEAF OR HAS SEVERE VISION/HEARING PROBLEM""",AD50,YESNO.,21153,2
64,"  ""SMOKED 100 OR MORE CIGARETTES IN ENTIRE LIFETIME""",AE15,YESNO.,21153,2
65,"  ""SMOKES CIGARETTES EVERYDAY, SOME DAYS OR NOT AT ALL""",AE15A,AE15A.,8228,3
66,"  ""# OF CIGARETTES SMOKED PER DAY IN PAST 30 DAYS (PUF 1 YR RECODE)""",AE16_P1,AE16PH.,714,8
67,"  ""# TIMES ATE FRUIT IN PAST MO""",AE2,NUMF.,21153,84
68,"  ""# TIMES ATE FRNCH FRIES, HME FRIES, HSH BRWNS IN PAST MO""",AE3,NUMF.,21153,48
69,"  ""# TIMES ATE COOKED DRIED BEANS IN PAST MONTH""",AE5,NUMF.,21153,51
70,"  ""# OF TIMES ATE VEGETABLES IN PAST MO""",AE7,NUMF.,21153,78
71,"  ""EVER DELIVERED BABY IN PAST 12 MOS""",AE96,YESNO.,3065,2
72,"  ""# OF TIMES DRINKING SODA PER WEEK (PUF 1 YR RECODE)""",AESODA_P1,AESODAPX.,21153,7
73,"  ""# OF TIMES DRINKING SODA PER WEEK""",AE_SODA,MEASURE.,21153,25
74,"  ""USES OR MALE SEX PARTNER USES BIRTH CONTROL""",AF40B,AF40X.,3074,4
75,"  ""ANY MONTH PAST 12 MONTHS FELT WORSE""",AF62,YESNO.,21153,3
76,"  ""FEEL NERVOUS WORST MONTH""",AF63,AB10X.,4493,6
77,"  ""FEEL HOPELESS WORST MONTH""",AF64,AB10X.,4493,6
78,"  ""FEEL RESTLESS WORST MONTH""",AF65,AB10X.,4493,6
79,"  ""FEEL DEPRESSED WORST MONTH""",AF66,AB10X.,4493,6
80,"  ""FEEL EVERYTHING AN EFFORT WORST MONTH""",AF67,AB10X.,4493,6
81,"  ""FEEL WORTHLESS WORST MONTH""",AF68,AB10X.,4493,6
82,"  ""EMOTIONS INTERFERE W/WORK WORST MONTH""",AF69B,AF69X.,3216,5
83,"  ""EMOTIONS INTERFERE W/CHORES WORST MONTH""",AF70B,SOME.,3602,4
84,"  ""EMOTIONS INTERFERE W/SOCIAL LIFE WORST MONTH""",AF71B,SOME.,3602,4
85,"  ""EMOTIONS INTERFERE W/RELATIONSHIPS WORST MONTH""",AF72B,SOME.,3602,4
86,"  ""TIME SINCE LAST VISIT TO DENTIST/SPECIALIST""",AG1,AG1X.,21153,6
87,"  ""RESPONDENT USUALLY WORKS""",AG10,AG10X.,3530,3
88,"  ""SPOUSE USUALLY WORKS""",AG11,AG11X.,4413,3
89,"  ""EVER SERVE IN U.S. ARMED FORCES""",AG22,YESNO.,21153,2
90,"  ""HAVE ANY KIND OF DENTAL INSURANCE""",AG3,YESNO.,21153,2
91,"  ""WORK STATUS OF SPOUSE LAST WEEK""",AG8,AG8X.,9500,4
92,"  ""TYPE OF EMPLOYER ON SPOUSE'S MAIN JOB (PUF 1 YR RECODE)""",AG9_P1,AG9PX.,5511,3
93,"  ""HAVE USUAL SOURCE OF HEALTH CARE""",AH1,AH1X.,21153,5
94,"  ""ANYONE HELP FIND HEALTH PLAN""",AH100,YESNO.,391,2
95,"  ""PERSON WHO HELPED FIND HEALTH PLAN (PUF RECODE)""",AH101_P,AH101PF.,198,4
96,"  ""BUY HEALTH PLAN DIRECTLY FROM INS CO/HMO""",AH103,YESNO.,3346,2
97,"  ""PURCHASE INS DIRECT OR THRU COVERED CA""",AH104,AH104X.,1191,3
98,"  ""GET INS THRU EMPLOYER,UNION,SHOP PROGRAM""",AH105,AH105X.,1993,4
99,"  ""SOURCE OF COVERAGE PURCHASED DIRECTLY""",AH110,AH110X.,817,3
100,"  ""FIND PLAN WITH NEEDED COVERAGE-COVERED CA""",AH111,AH98X.,579,4
101,"  ""FIND PLAN COULD AFFORD-COVERED CA""",AH112,AH98X.,579,4
102,"  ""ANYONE HELP R FIND HEALTH PLAN-COVERED CA""",AH113,YESNO.,579,2
103,"  ""WHO HELPED R FIND HEALTH PLAN-COVERED CA""",AH114,AH114X.,231,5
104,"  ""HAD NEEDED INFO TO PICK HEALTH PLAN""",AH115,YESNO.,817,2
105,"  ""COST OF SELECTED PLAN IMPORTANT""",AH117,AH117X.,817,3
106,"  ""CARE FROM SPECIFIC DOCTOR THRU PLAN IMPORTANT""",AH118,AH117X.,817,3
107,"  ""CARE FROM SPECIFIC HOSPITAL THRU PLAN IMPORTANT""",AH119,AH117X.,817,3
108,"  ""CHOICE OF DOCTORS THRU PLAN IMPORTANT""",AH120,AH117X.,817,3
109,"  ""MEDICARE ADVANTAGE PLAN NAME (PUF RECODE)""",AH125_P,AI22APF.,5476,9
110,"  ""SIGN UP DIRECTLY OR THROUGH EMPLOYER (PUF 1 YR RECODE)""",AH126_P1,AH126_P1F.,7063,7
111,"  ""AMOUNT RESPONDENT OR FAMILY PAYS EACH MONTH FOR HEALTH INSURANCE PLAN""",AH128,NUMF.,6981,586
112,"  ""HAS MONEY IN HSA ACCOUNT""",AH130,YESNO.,2278,2
113,"  ""AMOUNT OF MONEY IN HSA ACCOUNT (PUF RECODE)""",AH131_P,AH131_PF.,1905,7
114,"  ""LENGTH OF TIME RESPONDENT HAS HAD CURRENT HEALTH INSURANCE PLAN""",AH132,NUMF.,18095,135
115,"  ""# OF MONTHS HAD CURRENT HEALTH INSURANCE PLAN""",AH133,NUM2X.,2046,13
116,"  ""HEALTH INSURANCE BEFORE CURRENT PLAN""",AH134,AH134F.,35,5
117,"  ""OTHER HEALTH INSURANCE BEFORE CURRENT PLAN""",AH135,AH135F.,18626,6
118,"  ""LENGTH OF TIME RESPONDENT HAS HAD OTHER HEALTH INSURANCE PLAN""",AH136,NUMF.,13339,113
119,"  ""EVER CHANGED HEALTH INSURANCE PLAN IN PAST 12 MOS""",AH137,YESNO.,20040,2
120,"  ""PATIENT IN HOSP OVERNIGHT DURING PAST 12 MOS""",AH14,YESNO.,21152,2
121,"  ""DELAY/NOT GET PRESCRIPTION IN PAST 12 MO""",AH16,YESNO.,21153,2
122,"  ""DELAY/NOT GET OTHER MEDICAL CARE IN PAST 12 MOS""",AH22,YESNO.,21153,2
123,"  ""BORN IN U.S.""",AH33NEW,AH33NEWF.,21153,2
124,"  ""MOTHER BORN IN U.S.""",AH34NEW,AH34NEWF.,17045,2
125,"  ""FATHER BORN IN U.S.""",AH35NEW,AH35NEWF.,17045,2
126,"  ""LEVEL OF ENGLISH PROFICIENCY: GENERAL""",AH37,AH37X.,5830,4
127,"  ""KIND OF PLACE FOR USUAL SOURCE OF HEALTH CARE (PUF 1 YR RECODE)""",AH3_P1,AH3PX.,19112,4
128,"  ""LIVING WITH A PARENT""",AH43A,YESNO.,2038,2
129,"  ""SPOUSE LIVING IN SAME HOUSEHOLD""",AH44,YESNO.,10689,2
130,"  ""USED PAID CHILDCARE FOR CHILDREN UNDER 14 IN PAST MONTH""",AH44A,YESNO.,2841,2
131,"  ""# OF TIMES SAW MD IN PAST 12 MOS""",AH5,AH5H.,21153,77
132,"  ""HOW LONG SINCE LAST SAW DOCTOR ABOUT OWN HEALTH""",AH6,AH6X.,2875,5
133,"  ""HEALTH PLAN DEDUCTIBLE MORE THAN $1,000 (PUF 1 YR RECODE)""",AH71_P1,AH71PX.,10170,2
134,"  ""HEALTH PLAN DEDUCTIBLE MORE THAN $2,000 (PUF 1 YR RECODE)""",AH72_P1,AH72PX.,10170,2
135,"  ""SPECIAL FUND TO PAY MEDICAL EXPENSES""",AH73B,YESNO.,8206,2
136,"  ""TRIED TO FIND HEALTH INSURANCE ON OWN""",AH74,YESNO.,574,2
137,"  ""TRIED TO FIND HEALTH INSURANCE ON OWN""",AH75,YESNO.,1113,2
138,"  ""REACHED LIMIT OF INS CMPY CONTRIBUTIONS TO CURRENT HEALTH PLAN""",AH79B,YESNO.,15830,2
139,"  ""REACHED LIMIT OF INS CMPY CONTRIBUTIONS IN PAST 12 MOS""",AH80B,YESNO.,513,2
140,"  ""EVER HAD PROBLEMS PAYING FOR SELF OR HOUSEHOLD FAMILY'S MEDICAL BILLS IN PAST 12 MOS""",AH81B,YESNO.,21153,2
141,"  ""AMOUNT OF MEDICAL BILLS HAVING TROUBLE PAYING""",AH83B,AH83X.,1893,6
142,"  ""UNABLE TO PAY FOR BASIC NECESSITIES DUE TO MEDICAL BILLS""",AH85B,YESNO.,1893,2
143,"  ""TOOK ON CREDIT CARD DEBT B/C OF MEDICAL BILLS""",AH86B,YESNO.,1893,2
144,"  ""# TIMES VISITED ER IN PAST 12 MOS (PUF 1 YR RECODE)""",AH95_P1,AH95P1F.,4878,6
145,"  ""DIFFICULTY FINDING PLAN WITH NEEDED COVERAGE (PUF 1 YR RECODE)""",AH98_P1,AH98PX.,391,3
146,"  ""DIFFICULTY FINDING PLAN THAT IS AFFORDABLE (PUF 1 YR RECODE)""",AH99_P1,AH99PX.,391,3
147,"  ""EDUCATIONAL ATTAINMENT (PUF 1 YR RECODE)""",AHEDC_P1,AHEDCP1X.,21153,9
148,"  ""MAIN REASON NOT IN EMPLOYER'S HEALTH PLAN""",AI15,AI15X.,1202,8
149,"  ""MAIN REASON INELIGIBLE FOR EMPLOYER'S HEALTH PLAN""",AI15A,AI15A.,871,8
150,"  ""NAME OF HEALTH PLAN (PUF RECODE)""",AI22A_P,AI22APF.,14391,9
151,"  ""MAIN HEALTH PLAN IS HMO""",AI22C,YESNO.,14325,2
152,"  ""COVERED FOR PRESCRIPTION DRUGS""",AI25,YESNO.,20040,2
153,"  ""RX COVERAGE EDITED FOR MEDI-CAL/HF""",AI25NEW,AI25NEW.,20080,2
154,"  ""HOW LONG SINCE LAST HAD HEALTH INS""",AI28,AI28X.,696,3
155,"  ""SPOUSE COVERED BY MEDICARE SUPPL POLICY""",AI37A,YESNO.,1239,2
156,"  ""COVERED BY MEDICARE SUPPL POLICY""",AI4,YESNO.,3740,2
157,"  ""MAIN REASON SPOUSE INELIGIBLE  EMP HEALTH PLAN (PUF 1 YR RECODE)""",AI45A_P1,AI45APX.,346,4
158,"  ""MAIN REASON SPOUSE NOT IN EMP HEALTH PLAN (PUF 1 YR RECODE)""",AI45_P1,AI45PX.,922,4
159,"  ""INS COVERS TREATMENT FOR MNTL HEALTH PROBLEMS""",AJ1,AJ1X.,3739,4
160,"  ""NEEDED SOMEONE ELSE TO HELP UNDERSTAND DOCTOR""",AJ10,YESNO.,4465,3
161,"  ""SOUGHT APPNT W/DOC IN 2 DAYS PAST YR""",AJ102,YESNO.,20667,2
162,"  ""HOW OFTEN GET APPNT IN 2 DAYS""",AJ103,AC42X.,6102,4
163,"  ""KNOW RIGHTS TO INTERPRETOR DURING MED VISIT""",AJ105,YESNO.,1539,2
164,"  ""USUAL PLACE FOR HLTH CARE CHANGED PAST YR""",AJ106,YESNO.,18753,2
165,"  ""CHANGE USUAL PLACE DUE TO INSURANCE PLAN""",AJ107,YESNO.,1705,2
166,"  ""WHO HELPED YOU UNDERSTAND DOCTOR""",AJ11,AJ11X.,464,8
167,"  ""TIME SINCE LAST DOC VISIT FOR ROUTINE CHECK-UP""",AJ114,AJ114X.,21081,5
168,"  ""EVENTUALLY RECEIVED MED CARE THAT WAS DELAYED""",AJ129,YESNO.,2675,2
169,"  ""MAIN REASON FOR DELAYING NEEDED CARE (PUF 1 YR RECODE)""",AJ131_P1,AJ131PX.,1597,9
170,"  ""HAD TROUBLE FINDING GENERAL DOC PAST 12 MOS""",AJ133,YESNO.,21153,2
171,"  ""NOT ACCEPTED AS NEW PATIENT BY DOC PAST YR""",AJ134,YESNO.,21153,2
172,"  ""INSURANCE NOT ACCEPTED BY DOC PAST YR""",AJ135,YESNO.,20040,2
173,"  ""NEEDED TO SEE MED SPECIALIST PAST YR""",AJ136,YESNO.,21153,2
174,"  ""HAD TROUBLE FINDING SPECIALTY DR PAST 12 MOS""",AJ137,YESNO.,10124,2
175,"  ""NOT ACCEPTED AS NEW PATIENT BY SPECIALIST PAST YR""",AJ138,YESNO.,10124,2
176,"  ""INSURANCE NOT ACCEPTED BY SPECIALIST PAST YR""",AJ139,YESNO.,9895,2
177,"  ""RECEIVED BIRTH CONTROL INFO FROM DR PAST YR""",AJ144B,YESNO.,9318,3
178,"  ""RECEIVED CARE FROM HEALTH PROVIDER THROUGH VIDEO/PHONE IN PAST 12 MOS""",AJ152,YESNO.,21153,2
179,"  ""HEALTH PROBLEM FOR TELE-MEDICAL CARE: SKIN""",AJ153_1,YESNO.,2669,2
180,"  ""HEALTH PROBLEM FOR TELE-MEDICAL CARE: CHECK-UPS, GENERAL QUESTIONS ON HEALTH, RX""",AJ153_10,YESNO.,2669,2
181,"  ""HEALTH PROBLEM FOR TELE-MEDICAL CARE: NOT FEELING WELL, OTHER HEALTH PROBLEM""",AJ153_11,YESNO.,2669,2
182,"  ""HEALTH PROBLEM FOR TELE-MEDICAL CARE: EYE""",AJ153_2,YESNO.,2669,2
183,"  ""HEALTH PROBLEM FOR TELE-MEDICAL CARE: OTHER""",AJ153_4,YESNO.,2669,2
184,"  ""HEALTH PROBLEM FOR TELE-MEDICAL CARE: DISEASE CARE/MGMT""",AJ153_5,YESNO.,2669,2
185,"  ""HEALTH PROBLEM FOR TELE-MEDICAL CARE: FLU, COLD, ALLERGIES, INFECTIONS""",AJ153_6,YESNO.,2669,2
186,"  ""HEALTH PROBLEM FOR TELE-MEDICAL CARE: ARTHRITIS, JOINT, BACK, MUSCLE PROBLEM/PAIN""",AJ153_8,YESNO.,2669,2
187,"  ""BIRTH CONTROL METHOD: TUBAL LIGATION""",AJ154B_1,YESNO.,2113,3
188,"  ""BIRTH CONTROL METHOD: VASECTOMY""",AJ154B_2,YESNO.,2113,3
189,"  ""BIRTH CONTROL METHOD: IUD""",AJ154B_3,YESNO.,2113,3
190,"  ""BIRTH CONTROL METHOD: IMPLANT""",AJ154B_4,YESNO.,2113,3
191,"  ""BIRTH CONTROL METHOD: BIRTH CONTROL PILLS""",AJ154B_5,YESNO.,2113,3
192,"  ""BIRTH CONTROL METHOD: OTHER HORMONAL""",AJ154B_6,YESNO.,2113,3
193,"  ""BIRTH CONTROL METHOD: CONDOMS""",AJ154B_7,YESNO.,2113,2
194,"  ""BIRTH CONTROL METHOD:  OTHER BIRTH CONTROL""",AJ154B_9,YESNO.,2113,3
195,"  ""ROUTINE CHECKUP/CLEANING OR SPECIFIC PROBLEM""",AJ167,AJ167X.,20860,3
196,"  ""CONDITION OF TEETH""",AJ168,AJ168X.,21153,6
197,"  ""RESPONDENT'S PREGNANCY PLANS""",AJ169,AJ169F.,3687,4
198,"  ""MAIN REASON YOU ARE NOT CURRENTLY USING BIRTH CONTROL (PUF 1 YR RECODE)""",AJ170_P1,AJ170_P1F.,830,8
199,"  ""EVER TALKED TO DR, PROVIDER, FAMILY PLANNING COUNSELOR ABOUT IUD (PUF 1 YR RECODE)""",AJ171_P1,AJ171_P1F.,830,3
200,"  ""CURRENTLY USING BIRTH CONTROL""",AJ172,AJ172X.,9317,3
201,"  ""BIRTH CONTROL METHOD: IUD""",AJ174_3,YESNO.,2596,2
202,"  ""BIRTH CONTROL METHOD: IMPLANT""",AJ174_4,YESNO.,2596,2
203,"  ""BIRTH CONTROL METHOD: BIRTH CONTROL PILLS""",AJ174_5,YESNO.,2596,2
204,"  ""BIRTH CONTROL METHOD: OTHER HORMONAL METHODS""",AJ174_6,YESNO.,2596,2
205,"  ""BIRTH CONTROL METHOD: CONDOMS (MALE)""",AJ174_7,YESNO.,2596,2
206,"  ""MAIN REASON YOU ARE NOT CURRENTLY USING BIRTH CONTROL (PUF 1 YR RECODE)""",AJ175_P1,AJ175_P1F.,5621,8
207,"  ""DELAYED/DIDN'T GET A MEDICINE WHILE INSURED BY CURRENT PLAN""",AJ176,YESNO.,2044,2
208,"  ""DELAYED/DIDN'T GET OTHER MEDICAL CARE WHILE INSURED BY CURRENT PLAN""",AJ177,YESNO.,1561,2
209,"  ""COST/NO INSUR DELAYED GETTING PRESCRIPTION""",AJ19,YESNO.,2167,2
210,"  ""COST/NO INSR DELAYED GETTING NEEDED CARE""",AJ20,YESNO.,2675,2
211,"  ""FEEL NERVOUS PAST 30 DAYS""",AJ29,AB10X.,21153,6
212,"  ""FEEL HOPELESS PAST 30 DAYS""",AJ30,AB10X.,21153,6
213,"  ""FELL RESTLESS PAST 30 DAYS""",AJ31,AB10X.,21153,6
214,"  ""FEEL DEPRESSED PAST 30 DAYS""",AJ32,AB10X.,21153,6
215,"  ""FEEL EVERYTHING AN EFFORT PAST 30 DAYS""",AJ33,AB10X.,21153,6
216,"  ""FEEL WORTHLESS PAST 30 DAYS""",AJ34,AB10X.,21153,6
217,"  ""LANGUAGE DOCTOR SPEAKS TO R (PUF RECODE)""",AJ50_P,AJ50P.,5150,8
218,"  ""HAVE PERSONAL DOCTOR AS MAIN MEDICAL PROVIDER""",AJ77,YESNO.,19112,2
219,"  ""HAS SOMEONE AT DOCTOR'S OFFICE/CLINIC WHO HELPS COORDINATE MEDICAL CARE""",AJ80,YESNO.,5246,2
220,"  ""HAD HARD TIME UNDERSTANDING DOCTOR LAST VISIT""",AJ8B,YESNO.,20026,3
221,"  ""MD SPOKE DIFFERENT LANGUAGE REASON WHY DIFFICULT TO UNDERSTAND""",AJ9,YESNO.,578,3
222,"  ""WORK STATUS LAST WEEK""",AK1,AK1X.,21153,4
223,"  ""SPOUSE'S EARNINGS LAST MONTH (PUF RECODE)""",AK10A_P,AK10A.,5400,179
224,"  ""RESPONDENT'S EARNINGS LAST MONTH (PUF RECODE)""",AK10_P,AK10X.,10982,411
225,"  ""HH TOTAL ANN. INC BEFORE TAXES (PUF 1 YR RECODE)""",AK22_P1,AK22P1F.,21153,19
226,"  ""LIVE IN HOUSE, DUPLEX, BUILDING WITH 3+ UNITS, OR MOBILE HOME""",AK23,AK23X.,21153,4
227,"  ""OWN OR RENT HOME""",AK25,AK25X.,21153,6
228,"  ""HOW OFTEN FEEL SAFE IN NEIGHBORHOOD""",AK28,AK28X.,21153,5
229,"  ""MAIN REASON FOR NOT WORKING LAST WEEK (PUF 1 YR RECODE)""",AK2_P1,AK2P1X.,11658,11
230,"  ""HH SUPPORTS SOMEONE LIVING IN U.S. BUT NOT LIVING IN HH""",AK32,YESNO.,2077,2
231,"  ""# OF PERSONS SUPPORTED BY HH NOT IN HH (PUF 1 YR RECODE)""",AK33_P1,AK33PX.,260,3
232,"  ""# OF USUAL HRS WORKED PER WEEK (PUF 1 YR RECODE)""",AK3_P1V2,AK3_P1V2F.,10982,10
233,"  ""TYPE OF EMPLOYER AT MAIN JOB""",AK4,AK4X.,10955,4
234,"  ""LENGTH OF TIME WORKING AT MAIN JOB (PUF 1 YR RECODE VERSION 2)""",AK7_P1V2,AK7_P1V2F.,10982,6
235,"  ""# PEOPLE WORKING FOR EMPLOYER/YOU""",AK8,AK8X.,10955,8
236,"  ""TIME AT MAIN JOB""",AKWKLNG,AKWKF.,10982,11
237,"  ""RECVD SOCIAL SECURITY OR PENSION LAST MONTH""",AL18A,YESNO.,3954,2
238,"  ""RECEIVING TANF OR CALWORKS""",AL2,YESNO.,9070,2
239,"  ""RECEIVING SOCIAL SECURITY DISABILITY INS""",AL22,YESNO.,3392,2
240,"  ""RECD ANY WORKERS COMPENSATION LAST MO""",AL32,YESNO.,9070,2
241,"  ""LENGTH OF TIME HAD MEDI-CAL (PUF RECODE)""",AL40_P1,AL40_P1F.,4729,11
242,"  ""HAD MEDI-CAL COVERAGE RENEWED AUTOMATICALLY IN PAST YEAR""",AL41,AL41F.,3202,3
243,"  ""EVER HAD PROBLEMS RENEWING MEDI-CAL""",AL44,YESNO.,1231,2
244,"  ""EVER LOST COVERAGE FOR 1-2 MOS, COMPLETELY, OR HAD TO REAPPLY""",AL45,AL45F.,1231,4
245,"  ""HEALTH COVERAGE BEFORE MEDI-CAL COVERAGE""",AL46,AL46F.,1231,5
246,"  ""EVER RECEIVED BENEFITS FROM SPECIAL SUPPLEMENTAL NUTRITION PROGRAM FOR WIC IN PAST 12 MOS""",AL49,YESNO.,1913,2
247,"  ""RECEIVING FOOD STAMP BENEFITS""",AL5,YESNO.,9070,2
248,"  ""EVER RECEIVED WIC BENEFITS IN PAST 5 YEARS""",AL50,YESNO.,1691,2
249,"  ""RECEIVING SSI (SUPPLEMENTAL SECURITY INCOME)""",AL6,YESNO.,9070,2
250,"  ""HOW OFTEN FOOD DIDN'T LAST,COULDN'T AFFORD MORE, PAST 12 MOS""",AM1,AM1X.,6358,4
251,"  ""PEOPLE IN NEIGHBORHOOD WILLING TO HELP EACH OTHER""",AM19,AGREE.,21153,5
252,"  ""HOW OFTEN COULDN'T AFFORD TO EAT BALANCED MEALS""",AM2,AM2X.,6358,4
253,"  ""PEOPLE IN NEIGHBORHOOD DO NOT GET ALONG""",AM20,AGREE.,21153,5
254,"  ""PEOPLE IN NEIGHBORHOOD CAN BE TRUSTED""",AM21,AGREE.,21153,5
255,"  ""ALL ADULTS CUT/SKIPPED MEALS IN PAST 12 MOS FOR MONEY""",AM3,YESNO.,6358,2
256,"  ""TELEPHONE CALLS RECEIVED""",AM34,AM34X.,11472,5
257,"  ""NEIGHBORHOOD WATCHES OUT FOR CHILDREN'S SAFETY""",AM35,AM35X.,21153,6
258,"  ""DID VOLUNTEER WORK OR COMMUNITY SERVICES PAST YR""",AM36,YESNO.,21153,2
259,"  ""CURRENTLY PAYING OFF HOME MORTGAGE OR LOAN""",AM37,YESNO.,6087,2
260,"  ""MAIN REASON FOR LAST MOVE (PUF 1 YR RECODE)""",AM38_P1,AM38P1X.,6518,11
261,"  ""HOW OFTEN ALL ADULTS CUT/SKIPPED MEALS IN PAST 12 MOS FOR MONEY""",AM3A,AM3A.,1533,3
262,"  ""ATE LESS THAN SHOULD BECAUSE OF MONEY IN PAST 12 MOS""",AM4,YESNO.,6358,3
263,"  ""HOW OFTEN HUNGRY BUT DIDN'T EAT B/C OF MONEY IN PAST 12 MOS""",AM5,YESNO.,6358,3
264,"  ""CURRENT ASTHMA STATUS""",ASTCUR,ASTCURF.,21153,2
265,"  ""BODY MASS INDEX (PUF RECODE)""",BMI_P,BMIF.,21153,1890
266,"  ""HAD A PREVENTIVE CARE VISIT IN PAST YEAR""",CARE_PV,YESNO.,21153,2
267,"  ""CHORE IMPAIRMENT PAST 12 MONTHS""",CHORES2,WORK.,3602,4
268,"  ""CITIZENSHIP STATUS (3 LVLS)""",CITIZEN2,CITZN2F.,21153,3
269,"  ""PRIVATE/EMP BASED COVERAGE FROM COVERED CALIFORNIA""",COVRDCA,YESNO.,21153,2
270,"  ""DOCTOR EVER TOLD HAVE DIABETES (NON-GESTATIONAL)""",DIABETES,YESNO.,21153,2
271,"  ""DISTRESS""",DISTRESS,DISTRESS.,21153,26
272,"  ""HOW OFTEN TREATED UNFAIRLY WHEN GETTING MEDICAL CARE OVER LIFETIME""",DMC3,DMC3X.,21153,5
273,"  ""MAIN RSN TREATED UNFAIRLY GET MED. CARE (PUF 1 YR RECODE)""",DMC6B_P1,DMC6B_P1F.,5754,14
274,"  ""HOW STRESSFUL ARE UNFAIR EXPERIENCES""",DMC7,DMC7X.,5754,5
275,"  ""WOULD HAVE GOTTEN BETTER MEDICAL CARE IF DIFF. RACE/ETHNICITY""",DMC8,YESNO.,21153,3
276,"  ""HOW LONG AGO TREATED UNFAIRLY W/ MEDICAL CARE DUE TO RACE/ETH""",DMC9,DMC9X.,868,8
277,"  ""VISITED DOCTOR IN PAST 12 MOS""",DOCT_YR,YESNO.,21153,2
278,"  ""LIKELY HAS HAD PSYCHOLOGICAL DISTRESS IN THE LAST YEAR""",DSTRS12,YESNO.,21153,3
279,"  ""LIKELY HAS HAD PSYCHOLOGICAL DISTRESS IN THE PAST MONTH""",DSTRS30,YESNO.,21153,3
280,"  ""SERIOUS PSYCHOLOGICAL DISTRESS FOR WORST MONTH PAST YR (K6 SCORE)""",DSTRSYR,DSTRSYR.,21153,26
281,"  ""SERIOUS PSYCHOLOGICAL DISTRESS (PUF 1 YR RECODE)""",DSTRS_P1,DISTRESSP.,21153,23
282,"  ""ELDERLY SINGLES/COUPLE INCOME BELOW CNTY COST OF LIVING THRESHOLDS""",ELDER_IDX,YESNO.,7748,2
283,"  ""MEDI-CAL ELIGIBILITY FOR UNINSURED: ACA MAGI (2 LVLS)""",ELGMAGI3,ELIG3PF.,13213,3
284,"  ""ER VISIT WITHIN THE PAST YEAR""",ER,YESNO.,21153,2
285,"  ""FAMILY LIFE IMPAIRMENT PAST 12 MONTHS""",FAMILY2,WORK.,3602,4
286,"  ""FAMILY SIZE: INCL. ALL SUPT'D BY HH INCOME (PUF 1 YR RECODE)""",FAMSIZE2_P1,FAMSIZE2P1F.,21153,8
287,"  ""FAMILY TYPE - 4 LVLS""",FAMT4,FAMT4F.,21153,4
288,"  ""FAMILY TYPE (PUF RECODE)""",FAMTYP_P,FAM_TYPE.,21153,6
289,"  ""HAD TO FORGO NECESSARY CARE""",FORGO,YESNO.,21153,2
290,"  ""FEDERAL POVERTY GUIDELINE""",FPG,FPG.,21153,4
291,"  ""FOOD SECURITY STATUS LEVEL""",FSLEV,FSLEVF.,6226,3
292,"  ""FOOD SECURITY STATUS (2 LVLS)""",FSLEVCB,FSLEVCB.,6226,2
293,"  ""HEIGHT: METERS - UCLA (PUF RECODE)""",HEIGHM_P,HEIGHTMF.,21153,77
294,"  ""HEIGHT: INCHES (PUF RECODE)""",HGHTI_P,NUMF.,21153,36
295,"  ""HEIGHT: METERS (PUF RECODE)""",HGHTM_P,NUMF.,21153,77
296,"  ""HOUSEHOLD SIZE (PUF 1 YR RECODE)""",HHSIZE_P1,HHSIZEF.,21153,10
297,"  ""HMO STATUS""",HMO,HMO.,21153,3
298,"  ""AMOUNT IN HEALTH SAVINGS ACCOUNTS (PUF RECODE)""",HSAAMT_P1,HSAAMT_P1F.,2278,7
299,"  ""MAIN INDUSTRY - RECODE (CENSUS 2010. IND. CLASSIFICATION SCH.)""",INDMAIN2,INDMN2F.,10955,18
300,"  ""CENSUS INDUSTRY CODE - CODING METHOD""",IND_FLAG3,IOFLAG3F.,10955,3
301,"  ""CURRENTLY INSURED""",INS,YESNO.,21153,2
302,"  ""MOS COVERED BY HEALTH PLANS LAST 12 MOS""",INS12M,INS12MF.,21153,13
303,"  ""SPOUSE'S CURRENT HEALTH COVG - < 65 YRS (PUF RECODE)""",INS64S_P,INS64PF.,6118,6
304,"  ""CURRENT HEALTH COVERAGE - < 65 YRS (PUF RECODE)""",INS64_P,INS64PF.,13213,6
305,"  ""TYPE OF CURRENT HEALTH COVERAGE SOURCE FOR ELDERLY 65+""",INS65,INS65F.,7940,5
306,"  ""TYPE OF CURRENT HEALTH COVERAGE FOR SPOUSE 65+""",INS65_S,INS65SF.,3126,5
307,"  ""TYPE OF CURRENT HEALTH COVERAGE SOURCE FOR ALL AGES (9 LVLS)""",INS9TP,INS9TP.,21153,8
308,"  ""ANY INS IN LAST 12 MOS""",INSANY,INSANYF.,21153,3
309,"  ""COVERED BY EMPLOYER-BASED PLANS""",INSEM,YESNO.,21153,2
310,"  ""SPOUSE COVERED BY EMPLOYER-BASED PLANS""",INSEM_S,YESNO.,9244,2
311,"  ""REACHED HEALTH INSURANCE PAYMENT LIMIT IN PAST 12 MONTHS""",INSLMT12M,YESNO.,15830,2
312,"  ""COVERED BY MEDICARE""",INSMC,YESNO.,21153,2
313,"  ""SPOUSE COVERED BY MEDICARE""",INSMC_S,YESNO.,9244,2
314,"  ""COVERED BY MEDI-CAL""",INSMD,YESNO.,21153,2
315,"  ""SPOUSE COVERED BY MEDI-CAL""",INSMD_S,YESNO.,9244,2
316,"  ""COVERED BY OTHER GOVT PLANS""",INSOG,YESNO.,21153,2
317,"  ""SPOUSE COVERED BY OTHER GOVT PLANS""",INSOG_S,YESNO.,9244,2
318,"  ""COVERED BY PLANS PURCHASED ON OWN""",INSPR,YESNO.,21153,2
319,"  ""SPOUSE COVERED BY PLANS PURCHASED ON OWN""",INSPR_S,YESNO.,9244,2
320,"  ""PRIMARY OR SECONDARY COVERAGE""",INSPS,INSPSF.,10054,3
321,"  ""SPOUSE PRIMARY OR SECONDARY COVERAGE""",INSPS_S,INSPSF.,5202,2
322,"  ""TYPE OF CURRENT HEALTH COVERAGE SOURCE FOR ALL AGES""",INSTYPE,INSTYPE.,21153,8
323,"  ""HEALTH INS COVERAGE IN LAST 12 MOS, INCL CURRENT STATUS:8 LVLS""",INST_12,INS12F.,13213,8
324,"  ""SPOUSE CURRENTLY INSURED""",INS_S,YESNO.,9244,2
325,"  ""LANGUAGE OF INTERVIEW (PUF 1 YR RECODE)""",INTVLNGC_P1,INTVLNGCP1X.,21153,3
326,"  ""LATIN/HISPANIC SUBTYPES - 2 LVLS""",LATIN2TP,LAT2TPF.,4756,2
327,"  ""LANGUAGE SPOKEN AT HOME (PUF 1 YR RECODE)""",LNGHM_P1,LANGHOMEPX.,21153,12
328,"  ""MARITAL STATUS- 3 CATEGORIES""",MARIT,MARITF.,21153,3
329,"  ""MARITAL STATUS- 4 CATEGORIES""",MARIT2,MARIT2F.,21153,4
330,"  ""MARITAL STATUS - AGE 45 AND OLDER""",MARIT_45,MARIT45X.,15184,5
331,"  ""TYPE OF MEDICARE COVERAGE""",MC_TYPE,MCTYPE.,8206,3
332,"  ""# OF CIGARETTES PER DAY""",NUMCIG,NUMCIGF.,21153,6
333,"  ""MAIN OCCUPATION - RECODE (CENSUS 2010 OCC. CLASSIFICATION SCH.)""",OCCMAIN2,OCCMN2F.,10955,17
334,"  ""CENSUS OCCUPATION CODE - CODING METHOD""",OCC_FLAG3,IOFLAG3F.,10955,3
335,"  ""OFFER, ELIGIBILITY, ACCEPTANCE OF EMPLOYER BASED INS""",OFFTK,OFFTKF.,11142,4
336,"  ""OMB/CURRENT DOF RACE - ETHNICITY (PUF 1 YR RECODE)""",OMBSRR_P1,OMBSRREOP2X.,21153,6
337,"  ""OVERWEIGHT OR OBESE""",OVRWT,YESNO.,21153,2
338,"  ""PERCENT LIFE IN US (PUF RECODE)""",PCTLF_P,PCTLF_PF.,21153,5
339,"  ""PRIMARY CARE: HAVE DIFFICULTY FINDING A PROVIDER THAT ACCEPTS INSURANCE""",PC_INS,YESNO.,20040,2
340,"  ""PRIMARY CARE: DIFFICULTY FINDING A PROVIDER ACCEPTING NEW PATIENTS""",PC_NEWP,YESNO.,21153,2
341,"  ""TYPE OF HEALTH INSURANCE BEFORE CURRENT PLAN""",PINSTYPE,INSTYP.,20040,6
342,"  ""FAMILY POVERTY THRESHOLD LEVEL (PUF 1 YR RECODE)""",POVGWD_P1,POVGWD.,21153,492
343,"  ""POVERTY LEVEL""",POVLL,POVLLF.,21153,4
344,"  ""POVERTY LEVEL AS TIMES OF 100% FPL (PUF RECODE V2)""",POVLL2_P1V2,POVLL2_P1V2F.,21153,483
345,"  ""FAMILY POVERTY THRESHOLD LEVEL: ACA MAGI ELIGIBILITY (4 LVLS)""",POVLL_ACA,POVLLACA.,21153,4
346,"  ""DOCTOR EVER TOLD HAVE PRE OR BORDERLINE DIABETES (NON-GESTATIONAL)""",PREDIAB,YESNO.,21153,2
347,"  ""A PROXY INTERVIEW""",PROXY,YESNO.,21153,2
348,"  ""PUBLIC USE FILE ID - CHIS 1 YEAR DATAFILES""",PUF1Y_ID,$MISSNO.,21153,21153
349,"  ""RACE - CENSUS 2000 DEFINITION (PUF 1 YR RECODE)""",RACECN_P1,RACECENP1F.,21153,6
350,"  ""FORMER DOF RACE - ETHNICITY (PUF 1 YR RECODE)""",RACEDF_P1,RACEDFP1X.,21153,7
351,"  ""RACE - UCLA CHPR DEFINITION, UNABRIDGED (PUF 1 YR RECODE)""",RACEHP2_P1,RACEHP2P1X.,21153,6
352,"  ""CHIS 2017 FINAL RAKED WGT""",RAKEDW0,,21153,18945
353,"  ""CHIS 2017 RAKED WEIGHT - REPLICATE 1""",RAKEDW1,,21153,18672
354,"  ""CHIS 2017 RAKED WEIGHT - REPLICATE 10""",RAKEDW10,,21153,18691
355,"  ""CHIS 2017 RAKED WEIGHT - REPLICATE 11""",RAKEDW11,,21153,18695
356,"  ""CHIS 2017 RAKED WEIGHT - REPLICATE 12""",RAKEDW12,,21153,18704
357,"  ""CHIS 2017 RAKED WEIGHT - REPLICATE 13""",RAKEDW13,,21153,18680
358,"  ""CHIS 2017 RAKED WEIGHT - REPLICATE 14""",RAKEDW14,,21153,18677
359,"  ""CHIS 2017 RAKED WEIGHT - REPLICATE 15""",RAKEDW15,,21153,18689
360,"  ""CHIS 2017 RAKED WEIGHT - REPLICATE 16""",RAKEDW16,,21153,18701
361,"  ""CHIS 2017 RAKED WEIGHT - REPLICATE 17""",RAKEDW17,,21153,18708
362,"  ""CHIS 2017 RAKED WEIGHT - REPLICATE 18""",RAKEDW18,,21153,18702
363,"  ""CHIS 2017 RAKED WEIGHT - REPLICATE 19""",RAKEDW19,,21153,18660
364,"  ""CHIS 2017 RAKED WEIGHT - REPLICATE 2""",RAKEDW2,,21153,18673
365,"  ""CHIS 2017 RAKED WEIGHT - REPLICATE 20""",RAKEDW20,,21153,18661
366,"  ""CHIS 2017 RAKED WEIGHT - REPLICATE 21""",RAKEDW21,,21153,18645
367,"  ""CHIS 2017 RAKED WEIGHT - REPLICATE 22""",RAKEDW22,,21153,18688
368,"  ""CHIS 2017 RAKED WEIGHT - REPLICATE 23""",RAKEDW23,,21153,18664
369,"  ""CHIS 2017 RAKED WEIGHT - REPLICATE 24""",RAKEDW24,,21153,18689
370,"  ""CHIS 2017 RAKED WEIGHT - REPLICATE 25""",RAKEDW25,,21153,18670
371,"  ""CHIS 2017 RAKED WEIGHT - REPLICATE 26""",RAKEDW26,,21153,18670
372,"  ""CHIS 2017 RAKED WEIGHT - REPLICATE 27""",RAKEDW27,,21153,18661
373,"  ""CHIS 2017 RAKED WEIGHT - REPLICATE 28""",RAKEDW28,,21153,18682
374,"  ""CHIS 2017 RAKED WEIGHT - REPLICATE 29""",RAKEDW29,,21153,18694
375,"  ""CHIS 2017 RAKED WEIGHT - REPLICATE 3""",RAKEDW3,,21153,18687
376,"  ""CHIS 2017 RAKED WEIGHT - REPLICATE 30""",RAKEDW30,,21153,18703
377,"  ""CHIS 2017 RAKED WEIGHT - REPLICATE 31""",RAKEDW31,,21153,18682
378,"  ""CHIS 2017 RAKED WEIGHT - REPLICATE 32""",RAKEDW32,,21153,18695
379,"  ""CHIS 2017 RAKED WEIGHT - REPLICATE 33""",RAKEDW33,,21153,18679
380,"  ""CHIS 2017 RAKED WEIGHT - REPLICATE 34""",RAKEDW34,,21153,18670
381,"  ""CHIS 2017 RAKED WEIGHT - REPLICATE 35""",RAKEDW35,,21153,18680
382,"  ""CHIS 2017 RAKED WEIGHT - REPLICATE 36""",RAKEDW36,,21153,18691
383,"  ""CHIS 2017 RAKED WEIGHT - REPLICATE 37""",RAKEDW37,,21153,18680
384,"  ""CHIS 2017 RAKED WEIGHT - REPLICATE 38""",RAKEDW38,,21153,18684
385,"  ""CHIS 2017 RAKED WEIGHT - REPLICATE 39""",RAKEDW39,,21153,18683
386,"  ""CHIS 2017 RAKED WEIGHT - REPLICATE 4""",RAKEDW4,,21153,18672
387,"  ""CHIS 2017 RAKED WEIGHT - REPLICATE 40""",RAKEDW40,,21153,18733
388,"  ""CHIS 2017 RAKED WEIGHT - REPLICATE 41""",RAKEDW41,,21153,18661
389,"  ""CHIS 2017 RAKED WEIGHT - REPLICATE 42""",RAKEDW42,,21153,18691
390,"  ""CHIS 2017 RAKED WEIGHT - REPLICATE 43""",RAKEDW43,,21153,18691
391,"  ""CHIS 2017 RAKED WEIGHT - REPLICATE 44""",RAKEDW44,,21153,18689
392,"  ""CHIS 2017 RAKED WEIGHT - REPLICATE 45""",RAKEDW45,,21153,18672
393,"  ""CHIS 2017 RAKED WEIGHT - REPLICATE 46""",RAKEDW46,,21153,18698
394,"  ""CHIS 2017 RAKED WEIGHT - REPLICATE 47""",RAKEDW47,,21153,18700
395,"  ""CHIS 2017 RAKED WEIGHT - REPLICATE 48""",RAKEDW48,,21153,18664
396,"  ""CHIS 2017 RAKED WEIGHT - REPLICATE 49""",RAKEDW49,,21153,18665
397,"  ""CHIS 2017 RAKED WEIGHT - REPLICATE 5""",RAKEDW5,,21153,18672
398,"  ""CHIS 2017 RAKED WEIGHT - REPLICATE 50""",RAKEDW50,,21153,18708
399,"  ""CHIS 2017 RAKED WEIGHT - REPLICATE 51""",RAKEDW51,,21153,18667
400,"  ""CHIS 2017 RAKED WEIGHT - REPLICATE 52""",RAKEDW52,,21153,18664
401,"  ""CHIS 2017 RAKED WEIGHT - REPLICATE 53""",RAKEDW53,,21153,18700
402,"  ""CHIS 2017 RAKED WEIGHT - REPLICATE 54""",RAKEDW54,,21153,18691
403,"  ""CHIS 2017 RAKED WEIGHT - REPLICATE 55""",RAKEDW55,,21153,18708
404,"  ""CHIS 2017 RAKED WEIGHT - REPLICATE 56""",RAKEDW56,,21153,18695
405,"  ""CHIS 2017 RAKED WEIGHT - REPLICATE 57""",RAKEDW57,,21153,18688
406,"  ""CHIS 2017 RAKED WEIGHT - REPLICATE 58""",RAKEDW58,,21153,18669
407,"  ""CHIS 2017 RAKED WEIGHT - REPLICATE 59""",RAKEDW59,,21153,18629
408,"  ""CHIS 2017 RAKED WEIGHT - REPLICATE 6""",RAKEDW6,,21153,18708
409,"  ""CHIS 2017 RAKED WEIGHT - REPLICATE 60""",RAKEDW60,,21153,18665
410,"  ""CHIS 2017 RAKED WEIGHT - REPLICATE 61""",RAKEDW61,,21153,18697
411,"  ""CHIS 2017 RAKED WEIGHT - REPLICATE 62""",RAKEDW62,,21153,18695
412,"  ""CHIS 2017 RAKED WEIGHT - REPLICATE 63""",RAKEDW63,,21153,18696
413,"  ""CHIS 2017 RAKED WEIGHT - REPLICATE 64""",RAKEDW64,,21153,18686
414,"  ""CHIS 2017 RAKED WEIGHT - REPLICATE 65""",RAKEDW65,,21153,18666
415,"  ""CHIS 2017 RAKED WEIGHT - REPLICATE 66""",RAKEDW66,,21153,18649
416,"  ""CHIS 2017 RAKED WEIGHT - REPLICATE 67""",RAKEDW67,,21153,18677
417,"  ""CHIS 2017 RAKED WEIGHT - REPLICATE 68""",RAKEDW68,,21153,18698
418,"  ""CHIS 2017 RAKED WEIGHT - REPLICATE 69""",RAKEDW69,,21153,18683
419,"  ""CHIS 2017 RAKED WEIGHT - REPLICATE 7""",RAKEDW7,,21153,18702
420,"  ""CHIS 2017 RAKED WEIGHT - REPLICATE 70""",RAKEDW70,,21153,18687
421,"  ""CHIS 2017 RAKED WEIGHT - REPLICATE 71""",RAKEDW71,,21153,18701
422,"  ""CHIS 2017 RAKED WEIGHT - REPLICATE 72""",RAKEDW72,,21153,18672
423,"  ""CHIS 2017 RAKED WEIGHT - REPLICATE 73""",RAKEDW73,,21153,18660
424,"  ""CHIS 2017 RAKED WEIGHT - REPLICATE 74""",RAKEDW74,,21153,18683
425,"  ""CHIS 2017 RAKED WEIGHT - REPLICATE 75""",RAKEDW75,,21153,18671
426,"  ""CHIS 2017 RAKED WEIGHT - REPLICATE 76""",RAKEDW76,,21153,18688
427,"  ""CHIS 2017 RAKED WEIGHT - REPLICATE 77""",RAKEDW77,,21153,18698
428,"  ""CHIS 2017 RAKED WEIGHT - REPLICATE 78""",RAKEDW78,,21153,18668
429,"  ""CHIS 2017 RAKED WEIGHT - REPLICATE 79""",RAKEDW79,,21153,18680
430,"  ""CHIS 2017 RAKED WEIGHT - REPLICATE 8""",RAKEDW8,,21153,18686
431,"  ""CHIS 2017 RAKED WEIGHT - REPLICATE 80""",RAKEDW80,,21153,18668
432,"  ""CHIS 2017 RAKED WEIGHT - REPLICATE 9""",RAKEDW9,,21153,18704
433,"  ""BMI DESCRIPTIVE""",RBMI,RBMIF.,21153,4
434,"  ""REASONS FORGONE NECESSARY CARE""",RN_FORGO,RNFORGO.,2675,4
435,"  ""SPECIALTY CARE: HAVE DIFFICULTY FINDING A PROVIDER THAT ACCEPTS INSURANCE""",SC_INS,YESNO.,9895,2
436,"  ""SPECIALTY CARE: DIFFICULTY FINDING PROVIDER ACCEPTING NEW PATIENTS""",SC_NEWP,YESNO.,10124,2
437,"  ""LENGTH OF TIME SERVED IN ACTIVE DUTY""",SERVED,SERVED.,2379,5
438,"  ""CURRENT SMOKER""",SMKCUR,SMKCURF.,21153,2
439,"  ""CURRENT SMOKING HABITS""",SMOKING,SMOKINGF.,21153,3
440,"  ""SOCIAL LIFE IMPAIRMENT PAST 12 MONTHS""",SOCIAL2,WORK.,3602,4
441,"  ""ENGLISH USE AND PROFICIENCY""",SPK_ENG,SPK_ENGF.,21153,3
442,"  ""SELF-REPORTED AFRICAN AMERICAN""",SRAA,YESNO.,21153,2
443,"  ""SELF-REPORTED AGE (PUF 1 YR RECODE)""",SRAGE_P1,AAGEP.,21153,14
444,"  ""SELF-REPORTED AMERICAN INDIAN""",SRAI,YESNO.,21153,2
445,"  ""SELF-REPORTED ASIAN""",SRAS,YESNO.,21153,2
446,"  ""SELF-REPORTED OTHER ASIAN GROUP""",SRASO,YESNO.,21153,2
447,"  ""SELF-REPORTED CHINESE""",SRCH,YESNO.,21153,2
448,"  ""SELF-REPORTED LATINO/HISPANIC""",SRH,YESNO.,21153,2
449,"  ""SELF-REPORTED JAPANESE""",SRJP,YESNO.,21153,2
450,"  ""SELF-REPORTED KOREAN""",SRKR,YESNO.,21153,2
451,"  ""SELF-REPORTED OTHER RACE""",SRO,YESNO.,21153,2
452,"  ""SELF-REPORTED FILIPINO""",SRPH,YESNO.,21153,2
453,"  ""SELF-REPORTED GENDER""",SRSEX,SRSEX.,21153,2
454,"  ""SELF-REPORTED HOUSEHOLD TENURE (HH)""",SRTENR,SRTENR.,21153,2
455,"  ""SELF-REPORTED VIETNAMESE""",SRVT,YESNO.,21153,2
456,"  ""SELF-REPORTED WHITE""",SRW,YESNO.,21153,2
457,"  ""TIME ADULT HAS BEEN ENROLLED IN CURRENT PLAN: MONTHS""",TCURPLAN,VALS.,20040,136
458,"  ""ABLE TO GET AN APPOINTMENT IN A TIMELY WAY""",TIMAPPT,YESNO.,6102,2
459,"  ""LENGTH OF TIME LIVED AT CURRENT ADDRESS (MONTHS) (PUF RECODE)""",TIMEAD_P1V2,TIMEAD_P1V2F.,21153,23
460,"  ""UNINSURED IN PAST 12 MOS""",UNINSANY,UNINSANY.,13213,3
461,"  ""RURAL AND URBAN - CLARITAS (BY BLOCK GROUP)(6 LVLS)""",UR_BG6,UR_CLRT6F.,21153,6
462,"  ""RURAL AND URBAN - CLARITAS (BY ZIPCODE) (2 LVLS)""",UR_CLRT2,UR_CL2F.,21153,2
463,"  ""RURAL AND URBAN - CLARITAS (BY ZIPCODE) (6 LVLS)""",UR_CLRT6,UR_CLRT6F.,21153,6
464,"  ""RURAL AND URBAN - IHS""",UR_IHS,UR_IHSF.,21153,2
465,"  ""RURAL AND URBAN - OMB""",UR_OMB,UR_OMBF.,21153,2
466,"  ""RURAL AND URBAN - RHP""",UR_RHP,UR_RHPF.,21153,2
467,"  ""RURAL AND URBAN - CLARITAS (BY CENSUS TRACT) (6 LVLS)""",UR_TRACT6,UR_CLRT6F.,21153,6
468,"  ""USUAL SOURCE OF CARE OTHER THAN ER""",USOC,USOCF.,21153,2
469,"  ""HAVE USUAL PLACE TO GO TO WHEN SICK OR NEEDING HEALTH ADVICE""",USUAL,USUALF.,21153,2
470,"  ""USUAL SOURCE OF CARE (5 LVLS)""",USUAL5TP,USUAL5TP.,21153,5
471,"  ""USUAL SOURCE OF CARE (7 LVLS)""",USUAL_TP,USUALTPF.,21153,6
472,"  ""VOTER ENGAGEMENT""",VOTE_ENG1,VOTE_ENG.,19330,4
473,"  ""VOTED IN 2016 PRESIDENTIAL ELECTION""",VOTE_PRES16,VOTE_PRES16F.,21153,3
474,"  ""CURRENTLY REGISTERED TO VOTE""",VOTE_REG,VOTE_REG.,21153,3
475,"  ""MAIN REASON NOT REGISTERED TO VOTE""",VOTE_RSNNOT,VOTE_RSNNOT.,3405,8
476,"  ""WEIGHT: KG - UCLA (PUF RECODE)""",WEIGHK_P,WEIGHTKF.,21153,477
477,"  ""WEIGHT: KG (PUF RECODE)""",WGHTK_P,WGHTF.,21153,477
478,"  ""WEIGHT: LBS (PUF RECODE)""",WGHTP_P,WGHTF.,21153,235
479,"  ""BODY MASS INDEX: WHO DEFINITION""",WHOBMI,WHOBMI.,21153,4
480,"  ""WORK IMPAIRMENT PAST 12 MONTHS""",WORK2,WORK.,2427,4
481,"  ""WORKING STATUS (PUF 1 YR RECODE)""",WRKST_P1,WRKSTP1X.,21153,5
482,"  ""YEARS LIVED IN THE U.S. (PUF 1 YR RECODE)""",YRUS_P1,YRUSP1F.,4064,4
